customer_id,device_id
C00001,D00440
C00002,D00937
C00003,D00454
C00004,D00656
C00004,D00150
C00004,D01463
C00005,D01015
C00006,D01170
C00007,D01256
C00007,D00032
C00007,D00093
C00008,D00422
C00008,D01412
C00009,D00595
C00010,D00493
C00011,D00678
C00011,D00363
C00011,D00799
C00012,D00762
C00013,D00092
C00013,D00320
C00014,D01227
C00015,D01274
C00016,D00529
C00016,D00866
C00016,D01394
C00017,D01455
C00017,D01283
C00017,D00635
C00018,D01339
C00019,D00559
C00019,D00839
C00019,D01414
C00020,D00852
C00021,D00773
C00021,D00570
C00022,D01000
C00023,D01230
C00023,D00022
C00024,D01419
C00024,D00810
C00024,D00086
C00025,D00920
C00025,D00264
C00025,D01358
C00026,D00457
C00026,D00145
C00026,D01306
C00027,D00237
C00028,D01001
C00029,D00376
C00030,D00671
C00030,D00343
C00030,D00526
C00031,D01465
C00031,D01424
C00031,D00816
C00032,D01099
C00032,D00587
C00033,D01168
C00033,D00536
C00034,D00245
C00035,D00414
C00035,D00178
C00036,D01020
C00036,D00412
C00036,D00261
C00037,D00074
C00037,D00961
C00037,D00981
C00038,D00229
C00039,D00078
C00040,D00378
C00040,D00172
C00041,D00139
C00041,D00496
C00041,D00893
C00042,D00760
C00042,D00898
C00042,D00293
C00043,D01223
C00043,D00085
C00044,D01032
C00044,D00388
C00044,D00431
C00045,D00652
C00045,D00090
C00045,D01165
C00046,D00313
C00047,D00514
C00047,D00360
C00048,D00947
C00048,D00411
C00049,D00116
C00049,D00802
C00049,D00779
C00050,D00598
C00051,D00131
C00051,D00462
C00051,D00377
C00052,D00399
C00052,D00688
C00052,D01348
C00053,D00899
C00053,D00052
C00053,D00903
C00054,D00504
C00055,D01083
C00055,D00590
C00055,D01141
C00056,D00294
C00057,D00651
C00057,D00117
C00057,D00229
C00058,D00134
C00058,D00840
C00058,D01061
C00059,D00036
C00059,D01267
C00059,D01476
C00060,D01483
C00061,D00759
C00061,D00079
C00062,D00213
C00063,D00479
C00063,D00013
C00063,D00781
C00064,D01153
C00065,D00794
C00066,D00246
C00066,D00460
C00066,D01287
C00067,D01155
C00068,D00152
C00068,D00041
C00068,D01329
C00069,D01171
C00069,D01321
C00070,D00579
C00070,D01405
C00071,D00793
C00071,D00921
C00071,D00487
C00072,D01005
C00072,D01255
C00072,D00513
C00073,D01304
C00073,D00932
C00074,D00314
C00074,D00931
C00075,D00738
C00075,D00459
C00075,D00296
C00076,D01305
C00076,D01498
C00077,D00796
C00078,D00329
C00078,D00754
C00079,D00043
C00079,D00885
C00079,D00615
C00080,D00088
C00081,D00841
C00081,D01456
C00082,D00465
C00082,D00824
C00082,D00257
C00083,D00723
C00083,D00427
C00083,D00832
C00084,D00856
C00084,D00944
C00085,D00927
C00085,D00910
C00085,D00796
C00086,D00745
C00086,D00692
C00087,D01363
C00087,D00817
C00088,D01482
C00089,D00422
C00089,D00504
C00089,D00445
C00090,D00392
C00090,D01165
C00090,D00399
C00091,D01351
C00091,D01268
C00091,D00745
C00092,D01123
C00092,D00837
C00093,D01319
C00093,D00629
C00094,D00805
C00095,D00964
C00096,D01112
C00097,D00927
C00097,D00616
C00097,D01278
C00098,D00105
C00098,D00409
C00099,D00692
C00100,D00321
C00100,D01351
C00100,D00788
C00101,D00885
C00101,D00370
C00101,D00908
C00102,D01422
C00103,D00791
C00104,D01367
C00104,D00353
C00104,D00560
C00105,D01394
C00105,D01154
C00105,D00320
C00106,D00824
C00106,D01178
C00106,D00406
C00107,D00843
C00108,D00960
C00108,D00504
C00109,D00268
C00109,D00997
C00109,D00648
C00110,D01255
C00110,D01087
C00110,D01287
C00111,D01385
C00112,D00134
C00113,D00044
C00114,D00109
C00115,D00185
C00115,D00642
C00116,D00416
C00116,D00309
C00117,D00630
C00118,D00744
C00119,D00647
C00119,D01195
C00119,D00915
C00120,D00694
C00120,D01441
C00121,D00594
C00122,D00208
C00122,D01151
C00123,D00312
C00124,D00851
C00125,D01091
C00126,D00840
C00126,D00325
C00126,D01151
C00127,D01288
C00127,D00962
C00127,D01434
C00128,D01414
C00128,D00511
C00129,D01360
C00130,D00912
C00131,D00081
C00132,D00781
C00133,D00777
C00133,D00977
C00134,D00041
C00135,D01410
C00135,D00743
C00135,D00904
C00136,D01172
C00136,D00373
C00136,D00917
C00137,D01008
C00138,D01161
C00138,D00705
C00138,D00696
C00139,D00758
C00140,D00363
C00141,D01279
C00142,D01388
C00142,D00807
C00143,D00228
C00144,D00404
C00144,D01299
C00144,D00657
C00145,D01457
C00145,D00171
C00146,D01235
C00146,D01014
C00147,D01274
C00148,D00856
C00148,D00347
C00148,D00748
C00149,D00394
C00149,D01052
C00150,D01066
C00150,D00049
C00151,D00653
C00151,D00342
C00152,D01330
C00153,D01435
C00154,D00539
C00154,D00920
C00155,D00692
C00155,D00083
C00156,D01345
C00156,D00939
C00157,D00165
C00157,D00682
C00157,D01130
C00158,D00268
C00159,D00022
C00159,D01175
C00159,D00040
C00160,D00780
C00160,D00409
C00161,D00779
C00161,D00796
C00162,D01424
C00163,D00554
C00163,D01428
C00163,D00769
C00164,D00752
C00164,D01050
C00165,D00834
C00165,D01449
C00166,D00272
C00166,D00710
C00167,D00536
C00167,D01132
C00167,D00396
C00168,D00577
C00168,D00547
C00169,D00922
C00170,D00174
C00170,D01365
C00170,D00653
C00171,D00233
C00171,D00048
C00171,D00264
C00172,D00498
C00173,D00363
C00174,D00134
C00174,D00316
C00175,D00486
C00175,D00179
C00175,D00155
C00176,D01481
C00177,D00699
C00178,D00145
C00178,D00320
C00178,D01194
C00179,D00944
C00179,D01293
C00179,D00678
C00180,D00217
C00180,D01255
C00180,D00250
C00181,D01443
C00182,D00409
C00183,D00167
C00183,D00381
C00183,D00188
C00184,D00188
C00184,D00008
C00184,D00887
C00185,D00478
C00185,D00431
C00185,D00103
C00186,D00163
C00186,D00793
C00186,D00657
C00187,D01085
C00187,D00395
C00187,D00975
C00188,D01451
C00189,D01240
C00189,D01447
C00190,D00961
C00191,D01499
C00191,D01385
C00192,D00126
C00192,D00907
C00192,D00379
C00193,D00013
C00193,D00163
C00193,D00361
C00194,D00540
C00195,D01111
C00196,D00388
C00196,D01434
C00196,D00254
C00197,D00156
C00197,D00386
C00197,D00384
C00198,D00467
C00198,D00333
C00199,D01302
C00199,D01214
C00200,D01232
C00200,D00845
C00201,D01312
C00201,D00585
C00201,D00447
C00202,D00514
C00202,D00707
C00203,D00494
C00203,D01087
C00203,D00015
C00204,D01400
C00204,D00516
C00204,D00577
C00205,D00133
C00206,D00129
C00207,D00705
C00207,D00124
C00208,D00881
C00208,D00164
C00208,D01381
C00209,D00914
C00209,D00025
C00209,D01382
C00210,D00653
C00211,D00741
C00211,D01430
C00211,D01395
C00212,D01389
C00212,D00135
C00212,D01166
C00213,D01490
C00213,D00654
C00214,D00734
C00214,D00984
C00215,D01024
C00215,D00615
C00216,D00642
C00216,D01119
C00217,D00390
C00217,D00468
C00217,D01203
C00218,D00088
C00219,D00723
C00219,D00840
C00219,D00953
C00220,D00665
C00220,D00826
C00221,D00952
C00221,D00927
C00222,D00291
C00223,D00790
C00223,D00860
C00223,D00051
C00224,D00649
C00225,D01295
C00225,D00306
C00226,D00749
C00226,D00029
C00227,D01356
C00227,D00354
C00228,D01215
C00229,D00445
C00230,D00034
C00231,D00968
C00231,D00307
C00232,D00691
C00232,D00406
C00233,D01019
C00234,D00325
C00234,D00622
C00235,D00569
C00235,D00467
C00235,D00390
C00236,D01243
C00236,D01483
C00237,D00887
C00237,D00892
C00238,D00999
C00239,D00123
C00239,D00724
C00239,D00218
C00240,D00663
C00241,D00977
C00241,D01245
C00241,D00593
C00242,D00482
C00243,D01013
C00243,D00444
C00243,D00853
C00244,D00027
C00244,D00631
C00245,D00325
C00245,D00694
C00245,D01292
C00246,D01401
C00246,D01267
C00247,D01253
C00247,D00250
C00248,D00266
C00248,D01085
C00248,D00578
C00249,D01485
C00249,D00765
C00250,D00263
C00250,D00757
C00250,D01158
C00251,D00130
C00251,D00037
C00252,D00758
C00252,D00855
C00253,D00429
C00254,D01410
C00254,D00479
C00255,D01299
C00255,D00976
C00256,D01137
C00256,D00698
C00257,D00679
C00257,D01431
C00257,D00399
C00258,D00660
C00259,D01173
C00259,D00469
C00259,D01451
C00260,D01249
C00260,D00486
C00260,D00511
C00261,D01154
C00261,D00963
C00262,D00642
C00263,D00196
C00263,D00787
C00263,D00304
C00264,D00659
C00264,D00167
C00264,D01084
C00265,D00948
C00265,D01235
C00266,D00545
C00266,D00138
C00266,D00921
C00267,D00396
C00267,D00566
C00268,D00294
C00268,D00746
C00268,D00121
C00269,D00506
C00269,D00458
C00270,D00007
C00270,D00671
C00270,D00730
C00271,D00989
C00271,D01151
C00271,D00300
C00272,D00656
C00272,D00993
C00273,D01239
C00273,D01099
C00274,D01323
C00275,D01224
C00276,D00247
C00276,D00606
C00276,D00125
C00277,D00400
C00277,D01073
C00277,D01033
C00278,D00509
C00278,D00771
C00279,D01435
C00279,D00023
C00280,D00535
C00280,D00419
C00281,D00607
C00282,D00060
C00283,D01319
C00283,D00864
C00283,D00162
C00284,D00953
C00284,D00303
C00285,D01282
C00285,D00783
C00286,D00322
C00286,D01217
C00286,D00910
C00287,D00221
C00287,D00561
C00288,D00566
C00288,D00406
C00289,D01243
C00289,D00929
C00289,D00584
C00290,D01202
C00291,D00662
C00292,D00254
C00293,D00669
C00294,D00978
C00294,D00756
C00294,D00291
C00295,D01476
C00295,D00769
C00296,D00053
C00296,D01288
C00296,D00890
C00297,D00664
C00297,D00811
C00297,D00365
C00298,D01256
C00298,D00071
C00299,D00580
C00299,D00664
C00299,D01159
C00300,D00081
C00300,D01048
C00300,D00115
C00301,D01469
C00301,D01462
C00301,D00271
C00302,D00131
C00302,D00140
C00303,D00311
C00304,D01071
C00305,D01462
C00306,D00189
C00307,D00732
C00307,D00693
C00308,D00846
C00309,D00143
C00309,D01009
C00310,D01117
C00310,D00128
C00311,D00853
C00311,D01315
C00311,D00811
C00312,D00318
C00312,D01123
C00312,D00184
C00313,D00919
C00314,D00237
C00315,D00466
C00315,D00491
C00316,D01321
C00317,D01143
C00317,D00050
C00317,D00108
C00318,D01429
C00318,D00462
C00318,D00981
C00319,D00087
C00320,D00477
C00321,D00282
C00322,D00655
C00322,D00662
C00322,D00794
C00323,D01373
C00323,D00811
C00323,D00040
C00324,D00594
C00324,D01009
C00324,D00049
C00325,D01464
C00325,D01428
C00325,D00850
C00326,D00140
C00326,D00083
C00326,D00410
C00327,D00074
C00327,D00428
C00327,D00471
C00328,D01007
C00328,D00015
C00328,D00716
C00329,D00166
C00329,D01192
C00329,D00754
C00330,D00337
C00330,D00814
C00330,D00436
C00331,D01099
C00332,D01286
C00333,D01276
C00333,D00577
C00333,D00545
C00334,D00767
C00334,D01047
C00334,D00796
C00335,D00413
C00336,D00525
C00336,D00686
C00336,D00401
C00337,D00534
C00337,D00805
C00338,D01333
C00339,D00925
C00339,D00060
C00340,D01236
C00340,D01335
C00341,D01049
C00341,D00831
C00341,D00420
C00342,D00231
C00343,D00794
C00344,D00422
C00345,D01168
C00346,D00612
C00346,D01413
C00346,D01381
C00347,D01215
C00348,D00740
C00348,D00950
C00349,D01327
C00350,D00471
C00350,D01161
C00350,D00517
C00351,D01047
C00352,D00635
C00353,D00444
C00354,D00684
C00355,D01024
C00356,D00796
C00356,D01475
C00356,D00671
C00357,D00801
C00357,D01233
C00358,D01007
C00359,D01149
C00359,D01223
C00360,D01367
C00360,D00509
C00361,D01263
C00362,D00001
C00363,D01269
C00364,D00023
C00365,D00001
C00365,D00622
C00366,D00782
C00366,D01493
C00367,D00327
C00367,D00200
C00367,D00110
C00368,D00441
C00368,D01323
C00369,D00867
C00370,D00764
C00370,D00156
C00370,D00574
C00371,D01339
C00371,D00046
C00372,D00072
C00372,D00246
C00373,D00291
C00373,D00539
C00374,D00420
C00374,D00247
C00375,D01397
C00375,D00063
C00375,D00976
C00376,D00030
C00377,D00177
C00378,D00481
C00378,D00933
C00378,D01188
C00379,D01142
C00379,D00560
C00379,D00554
C00380,D01440
C00381,D00983
C00381,D00130
C00381,D01498
C00382,D00314
C00382,D00442
C00382,D00134
C00383,D01389
C00383,D00773
C00384,D00077
C00385,D00886
C00385,D00954
C00386,D00359
C00386,D00028
C00387,D00091
C00387,D01345
C00387,D00130
C00388,D01454
C00388,D00577
C00389,D00982
C00389,D00416
C00389,D00548
C00390,D01375
C00391,D00386
C00391,D00481
C00392,D00918
C00392,D00004
C00392,D01332
C00393,D01154
C00394,D01145
C00394,D01440
C00395,D00475
C00395,D01466
C00396,D00097
C00396,D00587
C00396,D00746
C00397,D01225
C00398,D00935
C00398,D00968
C00399,D00336
C00399,D00765
C00399,D01349
C00400,D01488
C00400,D01129
C00401,D00299
C00401,D00657
C00401,D01310
C00402,D00834
C00402,D00357
C00403,D00823
C00403,D00763
C00403,D00958
C00404,D00599
C00404,D00303
C00405,D01013
C00405,D01384
C00405,D01111
C00406,D00738
C00406,D00885
C00407,D01234
C00408,D00282
C00408,D00682
C00409,D01322
C00409,D00956
C00410,D01105
C00410,D01394
C00411,D00088
C00412,D01038
C00412,D01281
C00413,D01227
C00414,D01107
C00414,D01296
C00415,D00327
C00415,D01175
C00415,D00286
C00416,D01420
C00417,D00168
C00417,D00859
C00418,D01027
C00419,D00086
C00419,D01065
C00419,D00213
C00420,D00009
C00420,D00522
C00420,D01128
C00421,D00338
C00421,D00465
C00421,D01401
C00422,D00686
C00422,D01002
C00422,D00240
C00423,D01499
C00423,D00765
C00424,D00809
C00424,D01072
C00424,D01346
C00425,D00449
C00425,D01182
C00426,D00836
C00426,D01409
C00427,D00463
C00428,D01319
C00428,D00930
C00428,D00319
C00429,D00386
C00429,D01467
C00429,D00002
C00430,D00221
C00430,D01015
C00430,D00296
C00431,D01424
C00432,D00496
C00432,D00832
C00433,D00429
C00433,D01110
C00434,D00198
C00434,D00392
C00434,D00049
C00435,D00064
C00436,D00248
C00436,D00425
C00437,D01394
C00438,D00138
C00439,D00927
C00439,D00244
C00440,D00733
C00440,D01355
C00441,D00022
C00441,D01430
C00442,D00615
C00442,D00703
C00442,D00795
C00443,D00427
C00443,D00623
C00444,D01269
C00444,D01208
C00445,D01301
C00445,D01260
C00446,D00086
C00446,D01391
C00446,D01007
C00447,D01024
C00448,D00720
C00448,D00064
C00449,D01435
C00449,D00970
C00450,D01104
C00450,D00201
C00451,D01411
C00451,D01203
C00452,D00719
C00452,D01403
C00452,D01005
C00453,D00779
C00454,D00999
C00455,D00973
C00456,D01114
C00456,D00189
C00457,D00503
C00458,D01466
C00458,D01293
C00458,D00193
C00459,D00778
C00459,D00691
C00460,D01237
C00461,D00071
C00461,D00662
C00462,D01132
C00462,D01442
C00463,D00444
C00463,D01257
C00464,D00195
C00464,D00022
C00465,D00263
C00465,D01216
C00465,D01383
C00466,D01037
C00467,D00142
C00467,D01029
C00468,D00949
C00469,D01428
C00469,D01158
C00470,D01098
C00470,D01339
C00471,D00100
C00471,D00519
C00471,D01200
C00472,D01430
C00473,D01006
C00473,D00357
C00473,D00926
C00474,D00334
C00474,D00082
C00475,D01232
C00475,D00679
C00476,D00225
C00476,D01407
C00477,D00158
C00478,D00988
C00479,D00511
C00479,D00012
C00480,D01340
C00480,D00362
C00481,D00090
C00481,D00620
C00482,D00458
C00483,D01399
C00483,D01196
C00484,D00469
C00484,D01462
C00485,D01436
C00485,D00238
C00486,D00337
C00487,D00271
C00488,D01240
C00488,D01153
C00488,D00049
C00489,D01017
C00489,D00751
C00490,D00881
C00490,D00043
C00490,D01451
C00491,D01421
C00491,D00755
C00491,D01301
C00492,D00218
C00492,D00858
C00492,D00971
C00493,D00572
C00494,D01142
C00494,D01438
C00495,D00138
C00495,D00134
C00496,D00539
C00497,D00733
C00497,D00973
C00497,D00822
C00498,D00499
C00498,D00282
C00498,D00248
C00499,D00332
C00500,D01169
C00501,D01362
C00502,D00914
C00503,D01119
C00503,D00765
C00503,D01142
C00504,D00979
C00504,D00137
C00505,D00380
C00505,D01193
C00505,D00847
C00506,D01147
C00507,D00476
C00508,D00302
C00509,D00273
C00509,D01437
C00510,D00023
C00510,D00762
C00511,D01045
C00512,D00231
C00513,D01364
C00513,D00545
C00513,D01200
C00514,D00019
C00514,D00622
C00514,D00281
C00515,D00500
C00515,D00984
C00516,D00387
C00517,D00973
C00517,D00980
C00517,D00981
C00518,D00203
C00519,D00795
C00520,D01298
C00520,D01285
C00520,D01109
C00521,D00300
C00522,D00261
C00522,D01045
C00522,D00298
C00523,D00979
C00524,D00149
C00524,D01160
C00524,D00338
C00525,D01284
C00526,D01282
C00526,D00741
C00527,D00538
C00528,D00123
C00528,D00885
C00529,D00657
C00530,D00057
C00530,D00395
C00531,D01488
C00531,D00766
C00531,D00801
C00532,D01242
C00532,D00461
C00533,D00261
C00533,D00982
C00533,D01260
C00534,D00833
C00534,D01324
C00534,D01302
C00535,D00495
C00536,D01068
C00536,D00590
C00536,D01019
C00537,D00887
C00538,D00064
C00538,D00855
C00538,D00136
C00539,D00174
C00539,D01443
C00539,D00299
C00540,D00082
C00540,D00757
C00540,D00569
C00541,D00576
C00541,D00952
C00542,D00700
C00542,D00622
C00542,D01097
C00543,D00670
C00543,D00632
C00543,D00963
C00544,D00999
C00544,D00791
C00544,D01410
C00545,D01424
C00545,D01148
C00545,D01398
C00546,D01228
C00546,D01354
C00546,D01176
C00547,D00962
C00548,D00187
C00548,D01417
C00549,D00702
C00549,D01092
C00550,D01263
C00550,D01294
C00550,D00129
C00551,D01289
C00551,D00550
C00552,D00592
C00552,D01218
C00553,D00467
C00553,D00642
C00553,D00664
C00554,D01160
C00555,D00714
C00556,D00393
C00556,D00687
C00557,D01385
C00557,D00843
C00557,D00571
C00558,D01225
C00558,D00869
C00559,D01350
C00559,D00386
C00559,D01256
C00560,D01410
C00561,D00390
C00561,D01408
C00562,D00741
C00562,D01460
C00562,D01112
C00563,D00658
C00563,D00419
C00563,D00948
C00564,D01066
C00564,D00356
C00564,D00241
C00565,D01481
C00565,D00597
C00565,D01308
C00566,D00422
C00567,D01298
C00567,D00691
C00567,D00375
C00568,D01018
C00568,D00768
C00568,D00504
C00569,D00992
C00569,D01469
C00570,D01164
C00570,D00941
C00571,D00700
C00571,D00300
C00571,D00522
C00572,D00148
C00572,D00518
C00572,D00255
C00573,D01128
C00573,D00806
C00574,D00137
C00575,D00522
C00576,D00932
C00576,D01128
C00577,D00568
C00577,D01047
C00577,D01163
C00578,D00408
C00578,D00545
C00579,D00876
C00580,D01003
C00580,D01220
C00580,D00222
C00581,D00896
C00581,D00793
C00582,D00245
C00582,D00287
C00583,D00252
C00584,D00112
C00584,D00085
C00585,D00569
C00586,D01124
C00587,D00550
C00587,D00261
C00587,D00197
C00588,D01407
C00588,D00867
C00588,D00420
C00589,D01353
C00590,D00123
C00590,D00021
C00590,D00229
C00591,D01279
C00591,D01474
C00592,D00583
C00592,D00881
C00593,D00473
C00594,D01267
C00595,D01169
C00595,D00547
C00595,D01132
C00596,D00485
C00596,D00311
C00597,D01134
C00598,D00649
C00598,D00451
C00598,D00352
C00599,D00417
C00599,D01110
C00600,D00036
C00600,D00329
C00600,D00187
C00601,D01258
C00601,D00553
C00601,D00996
C00602,D00196
C00603,D00833
C00604,D00496
C00605,D01249
C00605,D00340
C00606,D00452
C00607,D00220
C00607,D00007
C00608,D01375
C00609,D00892
C00609,D01188
C00610,D00792
C00610,D00914
C00610,D00438
C00611,D00206
C00612,D00837
C00613,D00910
C00613,D00907
C00613,D00308
C00614,D00788
C00614,D01260
C00614,D00779
C00615,D01109
C00616,D00421
C00616,D01379
C00617,D00895
C00617,D01074
C00618,D00660
C00618,D00043
C00619,D01040
C00619,D01261
C00620,D00906
C00620,D01243
C00621,D00764
C00622,D01441
C00623,D01231
C00624,D01400
C00624,D00774
C00624,D00345
C00625,D00425
C00625,D00447
C00626,D00724
C00626,D00830
C00627,D00510
C00627,D01465
C00628,D00473
C00628,D00778
C00629,D00962
C00629,D00050
C00629,D01406
C00630,D00500
C00630,D01322
C00630,D01429
C00631,D00927
C00632,D00045
C00632,D00797
C00632,D01171
C00633,D00737
C00633,D00781
C00634,D01006
C00635,D01484
C00635,D00913
C00636,D00184
C00636,D00896
C00637,D00714
C00637,D00469
C00638,D00751
C00638,D00533
C00639,D00324
C00639,D00346
C00640,D01200
C00641,D01060
C00641,D01227
C00641,D01088
C00642,D00075
C00643,D00747
C00643,D00099
C00644,D00185
C00645,D00326
C00645,D00190
C00645,D01261
C00646,D01133
C00646,D00103
C00646,D00513
C00647,D01076
C00648,D00928
C00648,D00306
C00649,D00291
C00649,D00893
C00650,D00381
C00650,D00470
C00651,D00639
C00651,D00342
C00652,D00137
C00652,D00475
C00652,D00189
C00653,D00107
C00653,D01173
C00653,D01341
C00654,D00361
C00654,D00591
C00654,D01123
C00655,D00867
C00655,D00344
C00656,D00036
C00657,D01235
C00658,D00158
C00658,D00138
C00658,D00208
C00659,D00367
C00659,D01094
C00660,D00948
C00661,D00756
C00661,D01482
C00661,D00367
C00662,D01093
C00663,D00504
C00664,D00667
C00665,D00558
C00666,D00043
C00666,D01026
C00666,D01034
C00667,D00807
C00668,D00343
C00669,D00961
C00670,D00271
C00671,D01248
C00672,D01176
C00672,D00572
C00673,D00504
C00673,D00932
C00674,D01455
C00675,D01462
C00676,D00332
C00677,D01242
C00677,D00087
C00677,D00138
C00678,D00279
C00678,D00002
C00679,D00944
C00679,D01084
C00680,D01388
C00680,D00809
C00681,D01109
C00681,D01488
C00681,D00828
C00682,D00956
C00682,D01326
C00682,D01065
C00683,D01241
C00683,D01183
C00684,D00830
C00684,D00515
C00684,D01073
C00685,D00342
C00685,D01031
C00686,D00259
C00686,D00075
C00687,D00151
C00688,D00753
C00688,D00612
C00688,D00237
C00689,D00845
C00689,D00784
C00689,D00770
C00690,D00766
C00690,D00049
C00691,D00998
C00691,D00407
C00692,D00442
C00693,D01308
C00693,D00302
C00694,D01210
C00694,D00287
C00695,D00619
C00695,D00812
C00695,D00501
C00696,D00034
C00697,D00900
C00698,D00997
C00698,D00818
C00699,D01460
C00699,D00953
C00700,D00420
C00700,D00949
C00701,D00852
C00702,D00503
C00703,D01311
C00704,D00606
C00705,D00109
C00705,D00718
C00706,D00792
C00706,D01339
C00707,D00160
C00707,D01226
C00708,D00727
C00708,D01050
C00709,D00978
C00709,D00083
C00709,D00982
C00710,D00722
C00711,D00397
C00711,D00636
C00712,D00340
C00712,D00023
C00712,D00208
C00713,D01457
C00714,D00553
C00714,D00123
C00714,D00051
C00715,D00448
C00715,D01292
C00715,D01068
C00716,D00050
C00716,D00919
C00717,D00685
C00717,D01256
C00718,D00711
C00718,D01274
C00719,D00584
C00719,D00754
C00720,D01059
C00721,D00253
C00721,D00898
C00721,D00999
C00722,D01053
C00722,D00075
C00723,D01123
C00723,D01493
C00723,D01160
C00724,D00138
C00724,D00315
C00724,D00774
C00725,D01353
C00725,D01463
C00726,D01499
C00726,D01480
C00727,D00548
C00727,D00295
C00727,D00292
C00728,D00191
C00729,D00787
C00729,D00565
C00729,D00808
C00730,D00086
C00731,D00621
C00732,D00273
C00733,D00857
C00734,D00397
C00734,D00856
C00734,D00311
C00735,D01121
C00735,D01164
C00736,D00432
C00736,D00002
C00737,D00335
C00738,D00544
C00739,D00989
C00739,D00136
C00739,D00449
C00740,D00340
C00740,D01378
C00741,D00234
C00741,D00164
C00742,D00942
C00742,D00702
C00742,D01264
C00743,D00763
C00743,D00961
C00743,D00529
C00744,D01144
C00744,D01123
C00744,D00678
C00745,D01362
C00745,D00669
C00745,D01079
C00746,D01368
C00747,D01468
C00747,D01208
C00747,D01066
C00748,D00572
C00748,D01217
C00748,D00503
C00749,D00046
C00750,D00990
C00750,D00558
C00751,D01043
C00751,D00616
C00752,D01484
C00752,D00829
C00753,D01212
C00754,D00528
C00754,D00219
C00755,D01137
C00756,D00449
C00757,D00951
C00758,D00202
C00759,D01111
C00759,D01036
C00759,D00744
C00760,D00819
C00760,D00859
C00761,D00679
C00761,D00613
C00761,D00167
C00762,D00333
C00763,D00986
C00763,D01358
C00763,D00136
C00764,D00117
C00764,D00893
C00765,D00886
C00765,D00316
C00766,D00970
C00766,D00063
C00767,D00759
C00767,D00243
C00768,D00483
C00768,D00997
C00769,D00812
C00769,D01206
C00770,D00831
C00771,D00482
C00771,D00587
C00772,D01251
C00773,D00689
C00774,D01225
C00775,D01216
C00775,D00772
C00776,D00207
C00777,D00169
C00778,D00018
C00778,D00308
C00778,D01107
C00779,D01009
C00779,D00190
C00780,D01328
C00780,D00312
C00780,D00106
C00781,D00966
C00782,D00067
C00783,D00597
C00784,D01391
C00784,D01405
C00785,D00732
C00785,D01365
C00785,D01172
C00786,D00083
C00787,D00635
C00788,D00205
C00788,D00080
C00789,D00169
C00789,D00081
C00789,D01259
C00790,D00394
C00791,D00801
C00792,D00221
C00792,D00548
C00793,D00597
C00793,D01261
C00793,D01078
C00794,D01255
C00795,D00284
C00795,D00134
C00796,D01242
C00796,D00533
C00797,D01318
C00798,D01055
C00798,D00197
C00798,D01017
C00799,D00459
C00799,D01412
C00799,D00582
C00800,D00806
C00801,D01362
C00801,D00334
C00802,D00969
C00802,D00927
C00802,D00735
C00803,D00628
C00803,D00602
C00803,D01339
C00804,D00822
C00804,D00857
C00804,D00482
C00805,D01365
C00805,D00669
C00806,D00493
C00807,D00305
C00807,D01441
C00808,D00076
C00809,D00121
C00810,D00242
C00810,D00303
C00810,D00221
C00811,D00259
C00811,D00306
C00812,D00151
C00812,D00579
C00812,D00682
C00813,D00656
C00813,D01187
C00813,D00490
C00814,D00987
C00814,D00892
C00814,D00840
C00815,D01320
C00816,D01376
C00816,D01131
C00816,D01494
C00817,D00620
C00817,D01453
C00817,D00430
C00818,D01344
C00818,D00070
C00819,D00321
C00819,D00801
C00820,D00707
C00821,D00101
C00822,D00517
C00823,D00383
C00823,D01020
C00824,D01349
C00824,D00815
C00825,D00663
C00825,D00921
C00825,D00273
C00826,D01449
C00826,D00865
C00827,D00645
C00827,D01161
C00827,D01434
C00828,D00016
C00829,D00514
C00830,D00191
C00830,D00998
C00831,D00304
C00831,D00087
C00832,D00492
C00833,D01237
C00833,D01015
C00833,D00570
C00834,D01477
C00835,D00856
C00836,D00019
C00837,D00739
C00837,D01457
C00837,D00703
C00838,D00764
C00838,D00691
C00838,D00006
C00839,D00989
C00840,D00414
C00840,D00433
C00840,D00303
C00841,D01394
C00841,D01349
C00842,D01035
C00842,D00561
C00842,D01088
C00843,D01083
C00843,D01210
C00844,D01254
C00844,D00403
C00844,D00891
C00845,D00081
C00845,D00932
C00845,D01473
C00846,D01121
C00846,D00595
C00846,D01104
C00847,D00092
C00847,D00583
C00848,D00037
C00848,D00835
C00849,D01285
C00849,D00129
C00849,D00972
C00850,D00950
C00850,D01247
C00851,D00473
C00851,D00646
C00851,D01211
C00852,D00921
C00853,D00615
C00853,D01336
C00854,D00470
C00855,D01187
C00855,D00521
C00855,D00809
C00856,D00009
C00856,D01087
C00857,D00084
C00858,D00921
C00859,D00814
C00860,D00881
C00861,D00156
C00862,D01097
C00862,D01120
C00863,D00034
C00863,D01028
C00864,D01311
C00864,D00628
C00864,D01230
C00865,D00105
C00865,D01018
C00865,D01189
C00866,D01094
C00867,D01132
C00867,D00589
C00867,D00238
C00868,D00797
C00869,D01487
C00869,D00673
C00869,D00363
C00870,D01344
C00870,D00411
C00870,D00030
C00871,D00880
C00871,D00164
C00871,D00674
C00872,D00503
C00872,D00983
C00872,D00043
C00873,D00266
C00874,D01498
C00874,D00529
C00874,D00347
C00875,D00599
C00875,D01376
C00875,D00527
C00876,D00332
C00876,D00874
C00877,D01494
C00878,D00741
C00879,D00592
C00880,D01111
C00880,D01417
C00881,D01309
C00881,D00141
C00881,D00157
C00882,D00249
C00883,D00491
C00884,D00554
C00885,D00233
C00886,D00692
C00886,D00249
C00887,D01095
C00887,D00953
C00887,D01047
C00888,D00986
C00889,D01259
C00889,D00570
C00889,D00171
C00890,D00189
C00890,D00724
C00891,D00795
C00892,D01117
C00893,D01486
C00893,D00038
C00894,D00177
C00894,D00130
C00894,D00333
C00895,D00701
C00896,D01070
C00897,D01096
C00897,D00398
C00897,D00981
C00898,D00720
C00898,D00062
C00898,D00697
C00899,D00886
C00899,D00213
C00900,D00825
C00900,D00435
C00900,D00344
C00901,D01272
C00902,D00991
C00902,D01201
C00902,D01429
C00903,D00465
C00904,D01013
C00904,D01142
C00904,D00938
C00905,D00660
C00905,D01316
C00906,D00408
C00906,D00086
C00907,D00928
C00908,D00008
C00909,D00728
C00909,D00036
C00909,D01362
C00910,D01329
C00910,D00694
C00911,D00016
C00911,D00646
C00912,D00175
C00912,D00275
C00913,D01218
C00914,D01150
C00914,D00239
C00914,D01215
C00915,D00970
C00916,D01134
C00916,D01130
C00917,D00698
C00917,D00246
C00917,D01280
C00918,D01307
C00919,D00504
C00919,D00640
C00920,D00872
C00920,D00601
C00920,D00080
C00921,D00113
C00922,D01362
C00922,D00281
C00923,D00529
C00923,D00778
C00923,D00314
C00924,D00697
C00924,D00844
C00925,D01088
C00926,D00154
C00926,D01021
C00927,D00615
C00927,D00834
C00928,D00054
C00929,D00672
C00929,D00379
C00930,D00191
C00930,D00282
C00930,D01076
C00931,D01228
C00931,D00206
C00931,D00743
C00932,D00195
C00933,D00684
C00933,D00652
C00934,D00375
C00935,D00435
C00935,D01193
C00935,D00162
C00936,D00101
C00937,D00638
C00937,D01127
C00938,D00164
C00938,D01460
C00938,D01125
C00939,D01415
C00939,D01119
C00939,D00609
C00940,D01348
C00940,D00610
C00940,D00206
C00941,D00084
C00941,D00639
C00942,D00191
C00942,D01348
C00943,D00552
C00943,D00107
C00944,D00141
C00945,D01205
C00946,D00219
C00947,D00088
C00947,D00961
C00948,D00832
C00948,D01110
C00949,D00542
C00950,D01211
C00951,D00508
C00951,D00168
C00951,D00685
C00952,D00380
C00953,D01166
C00953,D01436
C00953,D00213
C00954,D00035
C00954,D00964
C00954,D00448
C00955,D01451
C00955,D00260
C00955,D00347
C00956,D01398
C00956,D01044
C00956,D00489
C00957,D00011
C00957,D01396
C00958,D00560
C00958,D01182
C00958,D01495
C00959,D01009
C00960,D00488
C00960,D00122
C00960,D00881
C00961,D01256
C00962,D00796
C00962,D00395
C00962,D01081
C00963,D00706
C00963,D00279
C00964,D01210
C00964,D00843
C00965,D00590
C00965,D00552
C00965,D00511
C00966,D00256
C00966,D01448
C00966,D00861
C00967,D01328
C00967,D01240
C00968,D00003
C00968,D00235
C00969,D01210
C00969,D00392
C00970,D00519
C00970,D01416
C00970,D00263
C00971,D00378
C00971,D01313
C00971,D01189
C00972,D01375
C00973,D00272
C00974,D00083
C00974,D00473
C00974,D00512
C00975,D00096
C00975,D01498
C00975,D00148
C00976,D00809
C00976,D00273
C00976,D00447
C00977,D00231
C00977,D01177
C00978,D01335
C00979,D01469
C00980,D01426
C00981,D00847
C00982,D00700
C00983,D00916
C00984,D00302
C00985,D01328
C00985,D00253
C00985,D00756
C00986,D00842
C00986,D00776
C00987,D01063
C00987,D01394
C00987,D00564
C00988,D01359
C00988,D00413
C00989,D00299
C00989,D00424
C00989,D00798
C00990,D00386
C00990,D01364
C00991,D00498
C00991,D01004
C00991,D01002
C00992,D00896
C00992,D00101
C00993,D00007
C00993,D00888
C00994,D00325
C00994,D00126
C00995,D00940
C00996,D00593
C00996,D00418
C00996,D00847
C00997,D00589
C00998,D00581
C00999,D00363
C00999,D00873
C01000,D00970
C01001,D00134
C01001,D01202
C01001,D00931
C01002,D00621
C01002,D01320
C01003,D00921
C01004,D01410
C01005,D00977
C01005,D00800
C01006,D00329
C01006,D00984
C01007,D00898
C01008,D00036
C01009,D01322
C01010,D00788
C01010,D00449
C01011,D01044
C01011,D01315
C01011,D00297
C01012,D00549
C01013,D00760
C01013,D01070
C01013,D00522
C01014,D00203
C01014,D00557
C01014,D01349
C01015,D00636
C01015,D00827
C01015,D00042
C01016,D01162
C01017,D00495
C01018,D00517
C01018,D00501
C01019,D01139
C01019,D01257
C01019,D01177
C01020,D00375
C01020,D01286
C01020,D01018
C01021,D00007
C01021,D00306
C01021,D00041
C01022,D01413
C01022,D01135
C01023,D01164
C01023,D00699
C01024,D00986
C01025,D00384
C01026,D00628
C01027,D00871
C01027,D00515
C01027,D01426
C01028,D01201
C01028,D00409
C01029,D00824
C01029,D01372
C01029,D01233
C01030,D01156
C01030,D00731
C01030,D00197
C01031,D00967
C01031,D01280
C01032,D00502
C01033,D00094
C01033,D00689
C01034,D00966
C01034,D00494
C01035,D00683
C01035,D01010
C01035,D00467
C01036,D01152
C01036,D00034
C01037,D00157
C01037,D00212
C01037,D01158
C01038,D00474
C01039,D00090
C01039,D00420
C01040,D00845
C01040,D01096
C01041,D00149
C01041,D00211
C01041,D01395
C01042,D00904
C01042,D01472
C01042,D00278
C01043,D00440
C01044,D00760
C01045,D00075
C01046,D00024
C01046,D01204
C01047,D00247
C01047,D00575
C01048,D01206
C01048,D00922
C01048,D00429
C01049,D00698
C01050,D01253
C01051,D00192
C01052,D01226
C01052,D01100
C01053,D01289
C01053,D00494
C01053,D00091
C01054,D01412
C01054,D00568
C01055,D00343
C01055,D01347
C01055,D01426
C01056,D00014
C01056,D01003
C01056,D00444
C01057,D00678
C01057,D00205
C01058,D01032
C01059,D00470
C01059,D01179
C01059,D00569
C01060,D00875
C01061,D00715
C01061,D00731
C01061,D00927
C01062,D01426
C01062,D00337
C01062,D00056
C01063,D00200
C01063,D01285
C01063,D01171
C01064,D01367
C01065,D00395
C01065,D00353
C01066,D00480
C01067,D00093
C01067,D00368
C01067,D00402
C01068,D00405
C01069,D00605
C01070,D00126
C01070,D01356
C01071,D00463
C01071,D01267
C01072,D00065
C01073,D01487
C01074,D00419
C01074,D00751
C01074,D01285
C01075,D01407
C01075,D00885
C01076,D01409
C01077,D00326
C01078,D00775
C01078,D00016
C01079,D00768
C01080,D01092
C01081,D01402
C01082,D00223
C01082,D00174
C01083,D00434
C01084,D00315
C01085,D00223
C01085,D00891
C01086,D01433
C01087,D00546
C01088,D01066
C01088,D01462
C01088,D01137
C01089,D01088
C01089,D01212
C01089,D01200
C01090,D00928
C01090,D00323
C01091,D01092
C01091,D01353
C01091,D01162
C01092,D00920
C01093,D00353
C01093,D01252
C01094,D00572
C01094,D00647
C01095,D01242
C01095,D00439
C01096,D00042
C01096,D00402
C01096,D00832
C01097,D00770
C01097,D01097
C01098,D00187
C01098,D01191
C01099,D01423
C01100,D00111
C01101,D01435
C01102,D00232
C01102,D01148
C01102,D00982
C01103,D01331
C01103,D01190
C01104,D00277
C01104,D00109
C01104,D01061
C01105,D01104
C01106,D00259
C01107,D00104
C01108,D01243
C01108,D01114
C01108,D00152
C01109,D01104
C01110,D00172
C01110,D00695
C01110,D01076
C01111,D00192
C01111,D00532
C01111,D00535
C01112,D01125
C01112,D00279
C01113,D00091
C01114,D01005
C01114,D00421
C01115,D00452
C01116,D01304
C01116,D00184
C01116,D01061
C01117,D01280
C01118,D00147
C01118,D00865
C01119,D01299
C01119,D01120
C01119,D00165
C01120,D00660
C01120,D00944
C01120,D00338
C01121,D00566
C01121,D00692
C01121,D00062
C01122,D00024
C01123,D01362
C01124,D00050
C01124,D01481
C01124,D00063
C01125,D00661
C01126,D01305
C01127,D00167
C01127,D00170
C01127,D01409
C01128,D00985
C01129,D00900
C01130,D01327
C01130,D00761
C01130,D00118
C01131,D01239
C01131,D00053
C01131,D01473
C01132,D00724
C01133,D00777
C01133,D01377
C01134,D01033
C01135,D00594
C01135,D00599
C01135,D00535
C01136,D00175
C01137,D00303
C01137,D01230
C01137,D01369
C01138,D01106
C01138,D00977
C01138,D00589
C01139,D01070
C01139,D00157
C01140,D00360
C01141,D01027
C01141,D01274
C01142,D00644
C01143,D00961
C01143,D00083
C01144,D00891
C01144,D00958
C01144,D00054
C01145,D01228
C01146,D00006
C01147,D00536
C01147,D00504
C01147,D00774
C01148,D01304
C01148,D00700
C01149,D00741
C01150,D01057
C01150,D00564
C01150,D01086
C01151,D00830
C01152,D01154
C01152,D00252
C01153,D00846
C01154,D00552
C01155,D00467
C01155,D00659
C01155,D00757
C01156,D00101
C01156,D00750
C01156,D00636
C01157,D01182
C01158,D01495
C01158,D00086
C01159,D01463
C01159,D00081
C01159,D01281
C01160,D00109
C01160,D00833
C01161,D00493
C01162,D01234
C01162,D01258
C01163,D00943
C01163,D01266
C01163,D00728
C01164,D01279
C01165,D01077
C01165,D00379
C01165,D00258
C01166,D00125
C01167,D00097
C01167,D00251
C01168,D00518
C01168,D01083
C01169,D01139
C01170,D00011
C01170,D00536
C01170,D01282
C01171,D00530
C01171,D01319
C01171,D00364
C01172,D00971
C01172,D01021
C01172,D00510
C01173,D00398
C01173,D00775
C01173,D01471
C01174,D01083
C01175,D00132
C01175,D00819
C01175,D00549
C01176,D00318
C01177,D00135
C01177,D00290
C01177,D01427
C01178,D01268
C01178,D01389
C01179,D01487
C01179,D00350
C01180,D01171
C01180,D01322
C01180,D01372
C01181,D01497
C01181,D00630
C01181,D00835
C01182,D00325
C01182,D00043
C01183,D00860
C01184,D00268
C01184,D00755
C01184,D01480
C01185,D01083
C01185,D00883
C01185,D00439
C01186,D00635
C01187,D00169
C01187,D00947
C01188,D00800
C01189,D01294
C01189,D00799
C01190,D00727
C01191,D00596
C01191,D00087
C01192,D00826
C01193,D01477
C01194,D00756
C01194,D00697
C01194,D01114
C01195,D00383
C01195,D00602
C01195,D00393
C01196,D00048
C01196,D01370
C01196,D00174
C01197,D00773
C01197,D00631
C01198,D00574
C01198,D00596
C01199,D01180
C01199,D01087
C01199,D01035
C01200,D00463
C01201,D00224
C01201,D00755
C01201,D00495
C01202,D01429
C01202,D01026
C01202,D01063
C01203,D00565
C01204,D01486
C01204,D00275
C01205,D01250
C01205,D01428
C01206,D01380
C01207,D00697
C01207,D00077
C01207,D00594
C01208,D01309
C01208,D00118
C01208,D00597
C01209,D00420
C01210,D00428
C01211,D00398
C01211,D01078
C01212,D01203
C01212,D00646
C01213,D00251
C01213,D00809
C01213,D01492
C01214,D00290
C01215,D00185
C01216,D01457
C01217,D00932
C01217,D01078
C01217,D00956
C01218,D00254
C01218,D01115
C01218,D00099
C01219,D00407
C01219,D00494
C01219,D01216
C01220,D01293
C01221,D00406
C01221,D01009
C01221,D00444
C01222,D00830
C01223,D00662
C01223,D00463
C01223,D00081
C01224,D00072
C01224,D01482
C01225,D00172
C01226,D01035
C01226,D01018
C01226,D00671
C01227,D00196
C01227,D00946
C01228,D00834
C01228,D01132
C01228,D01476
C01229,D00018
C01229,D00022
C01229,D00379
C01230,D00055
C01231,D01201
C01232,D00686
C01233,D00230
C01233,D01126
C01234,D01224
C01235,D00027
C01235,D00501
C01235,D01410
C01236,D00684
C01236,D00968
C01237,D01440
C01237,D01019
C01237,D00541
C01238,D00581
C01238,D01221
C01238,D00246
C01239,D00851
C01239,D00007
C01239,D01272
C01240,D00438
C01240,D00803
C01240,D00754
C01241,D00709
C01241,D00275
C01241,D00119
C01242,D00638
C01243,D00146
C01243,D00253
C01243,D01078
C01244,D01178
C01244,D00588
C01244,D00223
C01245,D00599
C01245,D00463
C01245,D00474
C01246,D01086
C01246,D00978
C01247,D00055
C01247,D01202
C01248,D00835
C01249,D00350
C01250,D00323
C01250,D00442
C01250,D01243
C01251,D01036
C01251,D00303
C01251,D00151
C01252,D00925
C01253,D00687
C01253,D00692
C01254,D00158
C01254,D00189
C01255,D00075
C01255,D01425
C01256,D01497
C01256,D00603
C01256,D00267
C01257,D01098
C01257,D00835
C01257,D00088
C01258,D01292
C01258,D00044
C01259,D00487
C01259,D01009
C01260,D00878
C01260,D00892
C01261,D00095
C01261,D01064
C01261,D01421
C01262,D00239
C01263,D00264
C01263,D00874
C01263,D00037
C01264,D00396
C01265,D01066
C01266,D00740
C01267,D00815
C01267,D01245
C01268,D00056
C01269,D00316
C01269,D01403
C01270,D00149
C01270,D00657
C01271,D00436
C01271,D00205
C01271,D00360
C01272,D00521
C01273,D00729
C01273,D00107
C01274,D01043
C01274,D01127
C01275,D00894
C01276,D00223
C01276,D00995
C01276,D01283
C01277,D00870
C01277,D01150
C01278,D00293
C01278,D01273
C01278,D00432
C01279,D00541
C01279,D00595
C01279,D00083
C01280,D00496
C01281,D01136
C01281,D00011
C01282,D00917
C01282,D00398
C01282,D00702
C01283,D00487
C01283,D00977
C01284,D01127
C01284,D01083
C01284,D00280
C01285,D00095
C01285,D00435
C01286,D01322
C01287,D01259
C01287,D01483
C01288,D00110
C01289,D01367
C01290,D00925
C01290,D01416
C01291,D00037
C01291,D01241
C01291,D00098
C01292,D00755
C01292,D01157
C01292,D01190
C01293,D00133
C01293,D00593
C01293,D00586
C01294,D00373
C01294,D00033
C01294,D01464
C01295,D00523
C01295,D01194
C01296,D00826
C01297,D01447
C01297,D01174
C01297,D01278
C01298,D00862
C01298,D01279
C01298,D01173
C01299,D01346
C01299,D00608
C01300,D01315
C01300,D01239
C01300,D01230
C01301,D01495
C01301,D01385
C01301,D01390
C01302,D00184
C01302,D01070
C01303,D00298
C01303,D01097
C01304,D01187
C01304,D00787
C01305,D01165
C01305,D00509
C01305,D00301
C01306,D01158
C01306,D00211
C01307,D00044
C01307,D01025
C01308,D01167
C01308,D01268
C01309,D00359
C01310,D00222
C01311,D00457
C01312,D00290
C01312,D00881
C01313,D01155
C01313,D01147
C01314,D00836
C01315,D01433
C01315,D00048
C01315,D01143
C01316,D00318
C01316,D00816
C01317,D00242
C01317,D00937
C01317,D00856
C01318,D01315
C01319,D00357
C01319,D00443
C01320,D01151
C01320,D01484
C01321,D01065
C01322,D00452
C01322,D00668
C01322,D01373
C01323,D01234
C01323,D00741
C01323,D01332
C01324,D01066
C01325,D01347
C01326,D00036
C01326,D00584
C01326,D00007
C01327,D00835
C01327,D01360
C01328,D00292
C01329,D01160
C01329,D01250
C01329,D00890
C01330,D00062
C01330,D01125
C01331,D00832
C01332,D00735
C01332,D01116
C01332,D01386
C01333,D00890
C01334,D00545
C01334,D00192
C01334,D01128
C01335,D01174
C01335,D00775
C01336,D00834
C01336,D01291
C01337,D00444
C01338,D01151
C01339,D00873
C01339,D00202
C01340,D01405
C01340,D00299
C01340,D00390
C01341,D00643
C01341,D01171
C01341,D00690
C01342,D00516
C01343,D00547
C01344,D01109
C01344,D00306
C01345,D01204
C01346,D01043
C01346,D00557
C01347,D00084
C01347,D00061
C01347,D00337
C01348,D00459
C01348,D00003
C01349,D01368
C01350,D00890
C01350,D01230
C01350,D00801
C01351,D00129
C01351,D00113
C01352,D00793
C01353,D00414
C01353,D00154
C01353,D00167
C01354,D00396
C01354,D01254
C01354,D00686
C01355,D00099
C01356,D00769
C01357,D00115
C01357,D01254
C01357,D01328
C01358,D00165
C01358,D00601
C01359,D01243
C01359,D00150
C01359,D00659
C01360,D00929
C01361,D00363
C01361,D01290
C01362,D00402
C01362,D01193
C01362,D00908
C01363,D00843
C01363,D01285
C01363,D00295
C01364,D01495
C01365,D00452
C01365,D01306
C01366,D00554
C01366,D00035
C01367,D00903
C01367,D00907
C01368,D00577
C01368,D00801
C01368,D00333
C01369,D01463
C01370,D00287
C01370,D01487
C01371,D00844
C01371,D01376
C01372,D01222
C01373,D00706
C01374,D01138
C01375,D01008
C01376,D01281
C01376,D00972
C01376,D00788
C01377,D00330
C01378,D01433
C01378,D01233
C01378,D00137
C01379,D00047
C01379,D00814
C01380,D01382
C01380,D01093
C01380,D00539
C01381,D00400
C01382,D00416
C01383,D00476
C01383,D00183
C01384,D00644
C01385,D01465
C01385,D00351
C01386,D00707
C01387,D00223
C01387,D00957
C01388,D00163
C01388,D00951
C01388,D00022
C01389,D00337
C01390,D00209
C01390,D00161
C01390,D01235
C01391,D00001
C01392,D00231
C01392,D00449
C01393,D00488
C01393,D01052
C01394,D00651
C01394,D00272
C01394,D00958
C01395,D01119
C01395,D01175
C01396,D00771
C01396,D00249
C01397,D00447
C01398,D00153
C01398,D01368
C01399,D00608
C01399,D00629
C01399,D00542
C01400,D00101
C01400,D01487
C01400,D00346
C01401,D00662
C01401,D00098
C01401,D00289
C01402,D00603
C01402,D01046
C01403,D00194
C01404,D00565
C01404,D00584
C01405,D00485
C01406,D00420
C01406,D01397
C01407,D00209
C01407,D00816
C01408,D01095
C01408,D00222
C01409,D00949
C01410,D01024
C01410,D01367
C01410,D01052
C01411,D00383
C01412,D00029
C01413,D01309
C01414,D01007
C01415,D01099
C01415,D00374
C01415,D00210
C01416,D00397
C01416,D00535
C01416,D01064
C01417,D00352
C01417,D01173
C01418,D00697
C01418,D01007
C01418,D01498
C01419,D01243
C01419,D00897
C01419,D00479
C01420,D00475
C01420,D01105
C01421,D00236
C01422,D00363
C01422,D01114
C01422,D01396
C01423,D00837
C01423,D00060
C01424,D00469
C01424,D01173
C01425,D00047
C01425,D01010
C01426,D01206
C01426,D01116
C01426,D01473
C01427,D00878
C01427,D00825
C01427,D01395
C01428,D00929
C01429,D01434
C01429,D00126
C01430,D01017
C01430,D00484
C01431,D01062
C01431,D00301
C01432,D00748
C01433,D00771
C01434,D00295
C01434,D00173
C01434,D01350
C01435,D00370
C01436,D01289
C01437,D00672
C01437,D01381
C01438,D00177
C01439,D01391
C01439,D01351
C01440,D00031
C01440,D00687
C01441,D00917
C01441,D00215
C01441,D01407
C01442,D00830
C01442,D01167
C01443,D00150
C01444,D01334
C01444,D00357
C01444,D00149
C01445,D00285
C01445,D00671
C01445,D01163
C01446,D00936
C01446,D01217
C01447,D01142
C01448,D01095
C01448,D01397
C01448,D00550
C01449,D00881
C01450,D01248
C01450,D01110
C01450,D00592
C01451,D00034
C01451,D00325
C01451,D00260
C01452,D00678
C01453,D01240
C01454,D01495
C01454,D00471
C01454,D01357
C01455,D00888
C01455,D01473
C01455,D01226
C01456,D01417
C01456,D00514
C01456,D01040
C01457,D01328
C01457,D00267
C01458,D01241
C01458,D00692
C01459,D01249
C01459,D01049
C01459,D01134
C01460,D00136
C01460,D01326
C01460,D00173
C01461,D00711
C01461,D00926
C01462,D01118
C01462,D01040
C01462,D00938
C01463,D01424
C01464,D00904
C01464,D00188
C01464,D00732
C01465,D00482
C01466,D00823
C01466,D00917
C01466,D00800
C01467,D00402
C01467,D01105
C01468,D00383
C01468,D00054
C01468,D01261
C01469,D00563
C01469,D00780
C01470,D01258
C01471,D01474
C01472,D01360
C01472,D00945
C01472,D01014
C01473,D01090
C01473,D01009
C01473,D00788
C01474,D00308
C01474,D01278
C01474,D01177
C01475,D01036
C01475,D01019
C01476,D00316
C01476,D00266
C01476,D00656
C01477,D01182
C01477,D00402
C01477,D01012
C01478,D00079
C01478,D01318
C01478,D01090
C01479,D01396
C01479,D01074
C01480,D00817
C01481,D00382
C01481,D01398
C01481,D01281
C01482,D00756
C01483,D01425
C01484,D00062
C01484,D01359
C01485,D00800
C01485,D00781
C01486,D01269
C01486,D00680
C01486,D01405
C01487,D01166
C01487,D00079
C01488,D01379
C01489,D00344
C01490,D01110
C01490,D00361
C01491,D00702
C01491,D00768
C01491,D00550
C01492,D00374
C01492,D01073
C01493,D00944
C01493,D01216
C01494,D00402
C01494,D00288
C01495,D01253
C01495,D00603
C01496,D01308
C01497,D01299
C01498,D01400
C01499,D01180
C01499,D00552
C01499,D00802
C01500,D00399
C01501,D01173
C01501,D00212
C01501,D00697
C01502,D00337
C01502,D00534
C01503,D01402
C01504,D00672
C01504,D00383
C01504,D01092
C01505,D01480
C01505,D00990
C01506,D00704
C01507,D00344
C01507,D01179
C01508,D00827
C01509,D00454
C01509,D01423
C01509,D00456
C01510,D01085
C01510,D01246
C01511,D00758
C01511,D00210
C01511,D00458
C01512,D00218
C01512,D01147
C01512,D01456
C01513,D00757
C01513,D00750
C01514,D01323
C01515,D01063
C01515,D00539
C01516,D01145
C01516,D00665
C01517,D01250
C01518,D00999
C01518,D01393
C01519,D00536
C01519,D00460
C01520,D00398
C01521,D01287
C01521,D01277
C01522,D01384
C01523,D01182
C01523,D00153
C01523,D00232
C01524,D01227
C01524,D00992
C01525,D00097
C01526,D01069
C01527,D00684
C01527,D01192
C01527,D00484
C01528,D00078
C01528,D00177
C01529,D00431
C01529,D00808
C01530,D00181
C01530,D00667
C01531,D00930
C01531,D00221
C01532,D00672
C01532,D00415
C01533,D00444
C01534,D00356
C01534,D00750
C01534,D01269
C01535,D00860
C01536,D01491
C01536,D01075
C01537,D00488
C01538,D00917
C01538,D00650
C01539,D00033
C01540,D00545
C01540,D00307
C01540,D01428
C01541,D00224
C01541,D00581
C01541,D00179
C01542,D00725
C01543,D00936
C01544,D01261
C01544,D01084
C01545,D01426
C01546,D01073
C01546,D00969
C01546,D01150
C01547,D01240
C01548,D00270
C01548,D00979
C01548,D00014
C01549,D00740
C01549,D00266
C01550,D01054
C01551,D01143
C01551,D00714
C01551,D00824
C01552,D00281
C01553,D01142
C01553,D00877
C01554,D00120
C01554,D00665
C01555,D01038
C01555,D00851
C01555,D00922
C01556,D00906
C01556,D00573
C01556,D00612
C01557,D00284
C01558,D01447
C01558,D00692
C01559,D00691
C01559,D01371
C01559,D00573
C01560,D01295
C01560,D00696
C01560,D01205
C01561,D00745
C01561,D00650
C01562,D01257
C01562,D00590
C01562,D00365
C01563,D00264
C01563,D00624
C01563,D01259
C01564,D00170
C01565,D00877
C01565,D00681
C01565,D00053
C01566,D00013
C01567,D00088
C01568,D00629
C01569,D01310
C01569,D00471
C01570,D01326
C01570,D00476
C01570,D00149
C01571,D00269
C01572,D00238
C01572,D00668
C01572,D00650
C01573,D00427
C01574,D00664
C01575,D00985
C01575,D00070
C01576,D00418
C01576,D01298
C01576,D01297
C01577,D01138
C01577,D00374
C01578,D00206
C01578,D00582
C01578,D00622
C01579,D01065
C01579,D01075
C01580,D00785
C01580,D00791
C01580,D01202
C01581,D01468
C01581,D01005
C01581,D00296
C01582,D01414
C01582,D00455
C01583,D00920
C01583,D01306
C01584,D01474
C01584,D00600
C01585,D00847
C01585,D00307
C01585,D00014
C01586,D00751
C01587,D01442
C01587,D00344
C01587,D00756
C01588,D00429
C01588,D00143
C01589,D00448
C01589,D00355
C01589,D01450
C01590,D00217
C01590,D00274
C01590,D00390
C01591,D00259
C01592,D01243
C01593,D01322
C01594,D01284
C01595,D01279
C01595,D00190
C01596,D00773
C01597,D00017
C01597,D00185
C01597,D01065
C01598,D00851
C01599,D01003
C01599,D00328
C01600,D01470
C01601,D00949
C01601,D00707
C01601,D00050
C01602,D00339
C01602,D00966
C01602,D00828
C01603,D01447
C01603,D00179
C01603,D01363
C01604,D00363
C01604,D00371
C01605,D00984
C01605,D00951
C01606,D00534
C01606,D00744
C01607,D01286
C01607,D00545
C01607,D00991
C01608,D00777
C01609,D01170
C01610,D00667
C01611,D01267
C01612,D01047
C01613,D00929
C01613,D00784
C01613,D01347
C01614,D00494
C01614,D01495
C01614,D00210
C01615,D00109
C01615,D01126
C01616,D01472
C01617,D00248
C01617,D01322
C01618,D00360
C01618,D00130
C01619,D01408
C01619,D00441
C01620,D00908
C01621,D01492
C01621,D00445
C01621,D01157
C01622,D01194
C01622,D00382
C01622,D00060
C01623,D00373
C01623,D00354
C01624,D01181
C01625,D01260
C01625,D00439
C01625,D00844
C01626,D00207
C01627,D00875
C01627,D00670
C01627,D01347
C01628,D00155
C01628,D01312
C01628,D00621
C01629,D01133
C01630,D00295
C01630,D00485
C01630,D00342
C01631,D01338
C01631,D00745
C01632,D00501
C01632,D01183
C01632,D01107
C01633,D00656
C01634,D00631
C01634,D00547
C01634,D00856
C01635,D01002
C01636,D01321
C01636,D00949
C01636,D01010
C01637,D00331
C01638,D00594
C01638,D00507
C01639,D01170
C01640,D00535
C01640,D00520
C01641,D01021
C01641,D01252
C01641,D01466
C01642,D00239
C01642,D00370
C01642,D00916
C01643,D01193
C01643,D00899
C01643,D00006
C01644,D01170
C01645,D00902
C01646,D00332
C01647,D00679
C01648,D01366
C01649,D00960
C01649,D01080
C01649,D01020
C01650,D00231
C01650,D00439
C01650,D01005
C01651,D00670
C01651,D00284
C01651,D01187
C01652,D01063
C01652,D00498
C01652,D00268
C01653,D00058
C01654,D00202
C01654,D00276
C01654,D00747
C01655,D01494
C01655,D01488
C01656,D01123
C01657,D00355
C01658,D00092
C01659,D01136
C01659,D01002
C01660,D01405
C01660,D00954
C01660,D01063
C01661,D01037
C01661,D01166
C01661,D00898
C01662,D01401
C01662,D00432
C01663,D01479
C01663,D01444
C01663,D00763
C01664,D01054
C01664,D00732
C01664,D00379
C01665,D01306
C01666,D00808
C01666,D00125
C01666,D00083
C01667,D00036
C01668,D00619
C01668,D00484
C01669,D01322
C01669,D00168
C01670,D01176
C01670,D00657
C01670,D00225
C01671,D00137
C01671,D00711
C01672,D00431
C01673,D01169
C01673,D00192
C01673,D00047
C01674,D01317
C01675,D00343
C01675,D01495
C01675,D01202
C01676,D00714
C01676,D01360
C01676,D00050
C01677,D00621
C01678,D00979
C01679,D01339
C01679,D01048
C01680,D00117
C01681,D00403
C01681,D00011
C01681,D01181
C01682,D00963
C01682,D00170
C01683,D01407
C01684,D01024
C01684,D00191
C01684,D01247
C01685,D00298
C01686,D00100
C01686,D01297
C01687,D01499
C01688,D00237
C01689,D00323
C01690,D01407
C01691,D00943
C01691,D00840
C01691,D00956
C01692,D00286
C01692,D00110
C01692,D00236
C01693,D01380
C01693,D00183
C01693,D00238
C01694,D00784
C01695,D00215
C01695,D00266
C01696,D00086
C01697,D01265
C01698,D00066
C01698,D00915
C01698,D00279
C01699,D00703
C01699,D01356
C01699,D01084
C01700,D00510
C01700,D00406
C01701,D01495
C01701,D00439
C01701,D00076
C01702,D01172
C01702,D00395
C01703,D00779
C01703,D00691
C01704,D01099
C01705,D01353
C01706,D00933
C01707,D01363
C01707,D00618
C01707,D01067
C01708,D00307
C01709,D00361
C01709,D00206
C01710,D00583
C01711,D01144
C01712,D00809
C01712,D01281
C01712,D01075
C01713,D00691
C01714,D01181
C01715,D00669
C01715,D00276
C01715,D00308
C01716,D00588
C01716,D00770
C01716,D00264
C01717,D01212
C01718,D01435
C01719,D00717
C01719,D01478
C01720,D00136
C01720,D01342
C01721,D00440
C01722,D01366
C01722,D01166
C01722,D01222
C01723,D00263
C01723,D01423
C01724,D01017
C01724,D00035
C01724,D00200
C01725,D00930
C01726,D00291
C01727,D00391
C01727,D00869
C01728,D01126
C01728,D00669
C01729,D00751
C01729,D00794
C01729,D00629
C01730,D00435
C01731,D00532
C01732,D00320
C01733,D00289
C01734,D00111
C01734,D00866
C01735,D00742
C01736,D00332
C01736,D00982
C01736,D00473
C01737,D01014
C01737,D00570
C01737,D00124
C01738,D01227
C01739,D00126
C01739,D00908
C01739,D01473
C01740,D00175
C01740,D00884
C01740,D00873
C01741,D00046
C01741,D00845
C01741,D00468
C01742,D00260
C01743,D01088
C01743,D01332
C01744,D00702
C01745,D00535
C01745,D00325
C01746,D01294
C01746,D01315
C01746,D00016
C01747,D01437
C01748,D00585
C01748,D00067
C01748,D00512
C01749,D00256
C01750,D01262
C01751,D00831
C01751,D01017
C01752,D01311
C01752,D00925
C01752,D00755
C01753,D00632
C01753,D01276
C01754,D00760
C01755,D01209
C01755,D01387
C01756,D00762
C01756,D00584
C01757,D00354
C01757,D00505
C01758,D00983
C01758,D00218
C01759,D00515
C01760,D00890
C01760,D00006
C01761,D00091
C01762,D00122
C01762,D00243
C01762,D01054
C01763,D00080
C01764,D00055
C01765,D00845
C01765,D01135
C01765,D00471
C01766,D00921
C01767,D00566
C01767,D00185
C01768,D00332
C01768,D00868
C01769,D00088
C01769,D01115
C01769,D00027
C01770,D00200
C01770,D01489
C01770,D01373
C01771,D00918
C01771,D00220
C01772,D01214
C01773,D01475
C01774,D00702
C01775,D00125
C01775,D00950
C01775,D00173
C01776,D01042
C01777,D00837
C01778,D00209
C01778,D00505
C01779,D00947
C01780,D00470
C01780,D00681
C01780,D00164
C01781,D00590
C01782,D01087
C01782,D00565
C01783,D00615
C01783,D00409
C01784,D00359
C01784,D00234
C01785,D00403
C01785,D00051
C01785,D00036
C01786,D00892
C01786,D00373
C01786,D00715
C01787,D01082
C01787,D01386
C01787,D00728
C01788,D00873
C01788,D01441
C01789,D01221
C01789,D00520
C01790,D00061
C01790,D00419
C01791,D01150
C01792,D00684
C01793,D01375
C01794,D01244
C01795,D00321
C01795,D00901
C01796,D00896
C01796,D00807
C01797,D00305
C01797,D00162
C01798,D01199
C01798,D00132
C01799,D00493
C01799,D00284
C01799,D01433
C01800,D00039
C01800,D00066
C01801,D00545
C01802,D00850
C01802,D00872
C01803,D00637
C01804,D01284
C01804,D01207
C01805,D00139
C01806,D00104
C01807,D01206
C01807,D00995
C01808,D00958
C01808,D00255
C01808,D00517
C01809,D00041
C01810,D01342
C01810,D00538
C01810,D01200
C01811,D01114
C01812,D00140
C01812,D01465
C01812,D01153
C01813,D01449
C01813,D01293
C01813,D01427
C01814,D01176
C01814,D00007
C01815,D00511
C01815,D01368
C01816,D00135
C01816,D00649
C01816,D00353
C01817,D00524
C01818,D01247
C01818,D01028
C01818,D00078
C01819,D00610
C01819,D01325
C01819,D01225
C01820,D00809
C01820,D01242
C01821,D01010
C01821,D01309
C01821,D00459
C01822,D00134
C01822,D00407
C01822,D00949
C01823,D00900
C01823,D01404
C01823,D00247
C01824,D00783
C01824,D01235
C01825,D00600
C01825,D00210
C01825,D00842
C01826,D00204
C01826,D00305
C01827,D00994
C01828,D00101
C01828,D00994
C01829,D01170
C01829,D00546
C01830,D00478
C01831,D00661
C01832,D00375
C01832,D00432
C01833,D01411
C01833,D01056
C01833,D01372
C01834,D01219
C01834,D00593
C01834,D01194
C01835,D00234
C01835,D01251
C01835,D00914
C01836,D00138
C01837,D00541
C01837,D00339
C01837,D00883
C01838,D00286
C01838,D00054
C01838,D00439
C01839,D00105
C01839,D01056
C01840,D01108
C01840,D00352
C01841,D00183
C01842,D00113
C01842,D00325
C01843,D01363
C01843,D01351
C01843,D00057
C01844,D01353
C01844,D01286
C01844,D00532
C01845,D01118
C01846,D00482
C01847,D01402
C01847,D01438
C01848,D01171
C01848,D01051
C01848,D01220
C01849,D01198
C01849,D00919
C01849,D00301
C01850,D00172
C01851,D00046
C01851,D01497
C01852,D01032
C01852,D01282
C01852,D01204
C01853,D01355
C01853,D01041
C01854,D00145
C01855,D00818
C01855,D00533
C01855,D00623
C01856,D00284
C01856,D00330
C01856,D00247
C01857,D00730
C01857,D01069
C01858,D00478
C01858,D01170
C01858,D00902
C01859,D00766
C01859,D00897
C01859,D00024
C01860,D00354
C01860,D00127
C01860,D00053
C01861,D01107
C01861,D00096
C01862,D00972
C01862,D00656
C01863,D01366
C01863,D00192
C01864,D00387
C01865,D01154
C01865,D00175
C01866,D01220
C01866,D00826
C01867,D01328
C01868,D00173
C01868,D00324
C01868,D01047
C01869,D01382
C01869,D01210
C01870,D00339
C01870,D01229
C01871,D00868
C01871,D01147
C01871,D01034
C01872,D00949
C01873,D00804
C01873,D01185
C01873,D01373
C01874,D01362
C01874,D01302
C01875,D00548
C01876,D01206
C01877,D00470
C01877,D01462
C01878,D00530
C01879,D01190
C01880,D00231
C01880,D00727
C01881,D00091
C01881,D01013
C01882,D01316
C01882,D00509
C01882,D00363
C01883,D00582
C01883,D01381
C01884,D01133
C01884,D01144
C01884,D00460
C01885,D01481
C01885,D00773
C01886,D00220
C01886,D00943
C01887,D01349
C01887,D01373
C01887,D01314
C01888,D00373
C01888,D00600
C01889,D00093
C01889,D01239
C01889,D00864
C01890,D01311
C01890,D00580
C01890,D01249
C01891,D00786
C01891,D01120
C01892,D01476
C01893,D01253
C01893,D00880
C01894,D00545
C01895,D01048
C01895,D00640
C01896,D00133
C01897,D00024
C01897,D00314
C01898,D00693
C01898,D00210
C01898,D00791
C01899,D00328
C01900,D01188
C01900,D00498
C01901,D00833
C01901,D00564
C01901,D01112
C01902,D00257
C01902,D00001
C01902,D01030
C01903,D00455
C01903,D00545
C01903,D01095
C01904,D01091
C01904,D01427
C01905,D00467
C01905,D01258
C01905,D00085
C01906,D00282
C01906,D00530
C01907,D00983
C01907,D00310
C01908,D00912
C01908,D01233
C01908,D01180
C01909,D00871
C01910,D01277
C01911,D00183
C01912,D00152
C01912,D00440
C01913,D01202
C01914,D00509
C01914,D00733
C01914,D01355
C01915,D01311
C01915,D00335
C01915,D00419
C01916,D00835
C01916,D00222
C01916,D00477
C01917,D00974
C01918,D00835
C01918,D00001
C01918,D00700
C01919,D00510
C01920,D00522
C01921,D01140
C01921,D01047
C01922,D00821
C01923,D01435
C01923,D00045
C01924,D00738
C01925,D00619
C01925,D01015
C01926,D00537
C01927,D01263
C01928,D00879
C01929,D01332
C01929,D00065
C01930,D01428
C01931,D00561
C01931,D00058
C01932,D00853
C01932,D00824
C01932,D00130
C01933,D00992
C01933,D00134
C01934,D00260
C01934,D01434
C01934,D00530
C01935,D01103
C01935,D01174
C01935,D01120
C01936,D00086
C01936,D01120
C01936,D01109
C01937,D00006
C01937,D00821
C01937,D00946
C01938,D00298
C01938,D00199
C01938,D00557
C01939,D00907
C01940,D00848
C01940,D01059
C01941,D00464
C01942,D01275
C01942,D00379
C01943,D01284
C01943,D00772
C01944,D01119
C01944,D00865
C01945,D01359
C01945,D01103
C01945,D01265
C01946,D01432
C01947,D00811
C01947,D01427
C01947,D01267
C01948,D00902
C01948,D00639
C01948,D01038
C01949,D01162
C01949,D00640
C01950,D00185
C01950,D00671
C01950,D00697
C01951,D00535
C01951,D00643
C01951,D01352
C01952,D00227
C01953,D01257
C01954,D01480
C01955,D01392
C01955,D00370
C01955,D00120
C01956,D00979
C01956,D00740
C01956,D00505
C01957,D00782
C01957,D01423
C01957,D00092
C01958,D00233
C01958,D00145
C01959,D00161
C01959,D00866
C01960,D01492
C01960,D00127
C01960,D00466
C01961,D01102
C01961,D01138
C01961,D00809
C01962,D00863
C01963,D00510
C01963,D00842
C01964,D01327
C01964,D00258
C01964,D00205
C01965,D01187
C01965,D00533
C01965,D00672
C01966,D01228
C01966,D00115
C01967,D00995
C01967,D00016
C01968,D00051
C01969,D01344
C01969,D01334
C01969,D01173
C01970,D00279
C01970,D00612
C01971,D01189
C01971,D00513
C01971,D00367
C01972,D00601
C01973,D00769
C01973,D01398
C01974,D01141
C01974,D01257
C01975,D00884
C01975,D01019
C01976,D00103
C01976,D00670
C01977,D00537
C01977,D00332
C01978,D00637
C01979,D00868
C01979,D00746
C01980,D00908
C01980,D00697
C01981,D00060
C01981,D01170
C01981,D00923
C01982,D00654
C01982,D00453
C01983,D01038
C01984,D00060
C01984,D00871
C01984,D00268
C01985,D00757
C01986,D00829
C01986,D00781
C01987,D01298
C01988,D00858
C01989,D01435
C01989,D00593
C01990,D00223
C01991,D01296
C01991,D00685
C01992,D01246
C01992,D00711
C01992,D00469
C01993,D00019
C01994,D01383
C01994,D00872
C01994,D00329
C01995,D00243
C01996,D00312
C01997,D00371
C01997,D00926
C01998,D00980
C01998,D01422
C01999,D00971
C01999,D00637
C01999,D00822
C02000,D00648
